"Source:","F:\Github\FTDI_Basic_Breakout-3.3V\KiCAD\FTDI_Basic_Breakout-3.3V\FTDI_Basic_Breakout-3.3V.kicad_sch"
"Date:","27/06/2021 17:33:47"
"Tool:","Eeschema (5.99.0-10766-geeb405c196)"
"Generator:","C:\Program Files\KiCad_V5.99\bin\scripting\plugins/bom_csv_grouped_by_value.py"
"Component Count:","11"

"Individual Components:"

"Item","Qty","Reference(s)","Value","LibPart","Footprint","Datasheet"
"","","C1","0.1uF","FTDI_Basic_Breakout:C","FTDI_Basic_Breakout:C_0603_1608Metric","~"
"","","C2","10uF","FTDI_Basic_Breakout:C","FTDI_Basic_Breakout:C_0805_2012Metric","~"
"","","C3","0.1uF","FTDI_Basic_Breakout:C","FTDI_Basic_Breakout:C_0603_1608Metric","~"
"","","D1","TX","FTDI_Basic_Breakout:LED","FTDI_Basic_Breakout:LED_0603_1608Metric","~"
"","","D2","RX","FTDI_Basic_Breakout:LED","FTDI_Basic_Breakout:LED_0603_1608Metric","~"
"","","J1","USB_B_Micro","FTDI_Basic_Breakout:USB_B_Micro","FTDI_Basic_Breakout:USB_Micro-B_Wuerth_629105150521","~"
"","","J2","Conn_01x06_Female","FTDI_Basic_Breakout:Conn_01x06_Female","Connector_PinHeader_2.54mm:PinHeader_1x06_P2.54mm_Vertical","~"
"","","JP1","SolderJumper_3_Bridged12","FTDI_Basic_Breakout:SolderJumper_3_Bridged12","FTDI_Basic_Breakout:SolderJumper-3_P1.3mm_Bridged12_RoundedPad1.0x1.5mm","~"
"","","R1","1K","FTDI_Basic_Breakout:R","FTDI_Basic_Breakout:R_0603_1608Metric","~"
"","","R2","1K","FTDI_Basic_Breakout:R","FTDI_Basic_Breakout:R_0603_1608Metric","~"
"","","U1","FT232RL","FTDI_Basic_Breakout:FT232RL","FTDI_Basic_Breakout:SSOP-28_5.3x10.2mm_P0.65mm","https://www.ftdichip.com/Support/Documents/DataSheets/ICs/DS_FT232R.pdf"



"Collated Components:"

"Item","Qty","Reference(s)","Value","LibPart","Footprint","Datasheet"
"1","2","C1, C3","0.1uF","FTDI_Basic_Breakout:C","FTDI_Basic_Breakout:C_0603_1608Metric","~"
"2","1","C2","10uF","FTDI_Basic_Breakout:C","FTDI_Basic_Breakout:C_0805_2012Metric","~"
"3","1","D1","TX","FTDI_Basic_Breakout:LED","FTDI_Basic_Breakout:LED_0603_1608Metric","~"
"4","1","D2","RX","FTDI_Basic_Breakout:LED","FTDI_Basic_Breakout:LED_0603_1608Metric","~"
"5","1","J1","USB_B_Micro","FTDI_Basic_Breakout:USB_B_Micro","FTDI_Basic_Breakout:USB_Micro-B_Wuerth_629105150521","~"
"6","1","J2","Conn_01x06_Female","FTDI_Basic_Breakout:Conn_01x06_Female","Connector_PinHeader_2.54mm:PinHeader_1x06_P2.54mm_Vertical","~"
"7","1","JP1","SolderJumper_3_Bridged12","FTDI_Basic_Breakout:SolderJumper_3_Bridged12","FTDI_Basic_Breakout:SolderJumper-3_P1.3mm_Bridged12_RoundedPad1.0x1.5mm","~"
"8","2","R1, R2","1K","FTDI_Basic_Breakout:R","FTDI_Basic_Breakout:R_0603_1608Metric","~"
"9","1","U1","FT232RL","FTDI_Basic_Breakout:FT232RL","FTDI_Basic_Breakout:SSOP-28_5.3x10.2mm_P0.65mm","https://www.ftdichip.com/Support/Documents/DataSheets/ICs/DS_FT232R.pdf"
